year,avg_code_qual,lib_qual
2021,3.195890410958904,Dégradé
2022,3.287087912087912,Dégradé
2023,3.1991758241758244,Dégradé
